<?xml version="1.0" encoding="UTF-8"?>
<project-private xmlns="http://www.netbeans.org/ns/project-private/1">
    <editor-bookmarks xmlns="http://www.netbeans.org/ns/editor-bookmarks/2" lastBookmarkId="0"/>
    <open-files xmlns="http://www.netbeans.org/ns/projectui-open-files/2">
        <group>
            <file>file:/Users/JordanChalupka/NetBeansProjects/CIS-3260-Car-Simulator/src/carsimulator/CarSimulator.java</file>
            <file>file:/Users/JordanChalupka/NetBeansProjects/CIS-3260-Car-Simulator/src/carsimulator/carcontrols/InternalTemperatureControl.java</file>
            <file>file:/Users/JordanChalupka/NetBeansProjects/CIS-3260-Car-Simulator/src/carsimulator/CarControls.java</file>
            <file>file:/Users/JordanChalupka/NetBeansProjects/CIS-3260-Car-Simulator/src/carsimulator/carcontrols/TerrainController.java</file>
            <file>file:/Users/JordanChalupka/NetBeansProjects/CIS-3260-Car-Simulator/src/carsimulator/Location.java</file>
            <file>file:/Users/JordanChalupka/NetBeansProjects/CIS-3260-Car-Simulator/src/carsimulator/carcontrols/EngineTemperature.java</file>
            <file>file:/Users/JordanChalupka/NetBeansProjects/CIS-3260-Car-Simulator/src/carsimulator/Direction.java</file>
            <file>file:/Users/JordanChalupka/NetBeansProjects/CIS-3260-Car-Simulator/src/carsimulator/carcontrols/Pedals.java</file>
            <file>file:/Users/JordanChalupka/NetBeansProjects/CIS-3260-Car-Simulator/src/carsimulator/Gas.java</file>
            <file>file:/Users/JordanChalupka/NetBeansProjects/CIS-3260-Car-Simulator/src/carsimulator/carui/Grid.java</file>
            <file>file:/Users/JordanChalupka/NetBeansProjects/CIS-3260-Car-Simulator/src/carsimulator/CarKeyListener.java</file>
            <file>file:/Users/JordanChalupka/NetBeansProjects/CIS-3260-Car-Simulator/src/carsimulator/Speed.java</file>
            <file>file:/Users/JordanChalupka/NetBeansProjects/CIS-3260-Car-Simulator/src/carsimulator/Car.java</file>
            <file>file:/Users/JordanChalupka/NetBeansProjects/CIS-3260-Car-Simulator/src/carsimulator/carcontrols/Steering.java</file>
        </group>
    </open-files>
</project-private>
